Input Power (dBm),Fiber Length (km),Temperature (Â°C),Number of Connectors,Signal Loss (dB)
3.745401188473625,10.071513513092363,5.702341024154357,3,1.7408141020680283
9.50714306409916,27.553146421539548,4.818727944319988,1,4.706210309847299
7.319939418114051,43.77434595794401,44.3752748312622,5,10.822165570159106
5.986584841970366,36.879019434068496,4.972771990970365,3,6.804859296327698
1.5601864044243652,40.52149624521104,6.316983567717859,2,6.97526563654557
1.5599452033620265,33.28038496882515,35.56389574507782,3,7.867765273782748
0.5808361216819946,34.92155166137477,16.9843905470324,3,7.248231483542292
8.661761457749352,42.61058692670065,36.60263341731087,2,9.011680499806841
6.011150117432088,13.23373243410011,-6.078030546136885,4,2.1181130172308307
7.080725777960454,24.981823218513885,19.25427162040306,4,5.708188642790669
0.20584494295802447,11.83926264916051,-7.983183989003042,1,0.6337032341444959
9.699098521619943,49.3957323918357,-6.240807792678728,1,8.337292938203246
8.324426408004218,47.25890764464405,44.386247200664656,4,11.00009008244728
2.1233911067827616,2.931913757056789,-1.6452777329442902,5,-0.37530720075467544
1.8182496720710062,35.57318345326873,21.945240936513027,3,7.8320973299352366
1.8340450985343382,46.33716755336763,14.665736156042392,5,9.57520629313925
3.0424224295953772,9.848191911239343,10.840599575530561,3,1.2648897880802787
5.247564316322379,28.829316297078844,43.99000074123635,4,6.9541278400529425
4.319450186421157,45.85892658181405,-8.690596193470629,1,8.43111509527248
2.9122914019804194,2.663352950704143,29.827381170535347,1,1.8918208376253034
6.118528947223795,35.17359309509516,47.80366605281303,5,9.194266409685936
1.3949386065204183,15.570101361254988,23.610091007710515,1,3.2888871950613665
2.9214464853521815,46.29541357344999,46.20934772198551,4,10.749568644585986
3.663618432936917,48.58185401310302,-6.864527242838574,5,9.147994149634178
4.56069984217036,47.269057966558265,15.127599144449682,3,9.548151817663882
7.851759613930136,24.236496616215724,5.6094674577230705,1,3.4227369724221104
1.9967378215835974,43.240089898476356,33.84925789884379,2,10.056414865904875
5.142344384136116,42.38292052821845,48.8778254298348,1,10.693377010816864
5.924145688620425,16.635923188919527,5.391803746654869,3,3.265401091588248
0.46450412719997725,41.61685823338319,29.250476088444465,5,8.74008985378476
6.075448519014383,2.8133741010591384,1.8858579655844068,3,-0.36144550637062184
1.7052412368729153,30.2172240456206,23.919815274296596,2,5.510575642160095
0.6505159298527952,12.27043302709745,17.83594920130017,4,3.543908311182277
9.488855372533333,6.907777403086662,48.32031977789222,1,2.71920218788243
9.656320330745594,4.770706879831248,26.511636361787993,5,2.9463678548805405
8.08397348116461,35.11815001802885,10.970382325209126,4,7.949764135320116
3.0461376917337066,17.65387322463524,-3.1542529067239977,3,2.221348791406377
0.9767211400638387,36.51357180490931,-0.9251902759039261,5,6.40232097748516
6.842330265121569,4.202460699148176,3.519015797074106,4,0.6495381008569001
4.4015249373960135,16.44922655369991,5.057999680417879,5,2.1654742428277407
1.2203823484477883,27.435073326391525,41.036963470468265,2,6.519733280112438
4.951769101112702,39.745435077109214,23.673367296951497,2,8.063675879666054
0.34388521115218396,16.618872643671423,21.403454682461987,1,4.419530233830739
9.093204020787821,31.668677445413447,-3.113867687846952,1,5.358551047442569
2.587799816000169,44.41290966357317,41.6083816009661,2,10.020617523994341
6.62522284353982,31.177296220932924,33.36885819250902,5,7.088159787469386
3.1171107608941098,12.415014262928054,-5.939898285999905,2,1.8330327369480126
5.200680211778108,2.195638296270363,32.47010583378612,1,0.9142775389781747
5.4671027934327965,43.63484482114556,22.61229304055876,2,9.032442129075802
1.8485445552552704,2.04220113166897,-5.096479255193305,2,-0.9659454976618536
9.695846277645586,43.86038196152577,17.498038491719388,5,8.388209750883426
7.7513282336111455,26.91791956733339,19.081777227802817,4,5.239655211005488
9.394989415641891,47.01431722713191,-0.05352759020345488,1,8.249201212233862
8.948273504276488,40.1403785529096,46.74188882001694,5,9.733542736450953
5.978999788110851,49.898771416133535,40.998522288839716,2,11.119968434706939
9.218742350231167,18.184878957133797,30.141340239746498,2,4.299582953154704
0.884925020519195,38.59222615762522,17.737733660036433,4,7.76098809945136
1.959828624191452,20.694614766852865,14.70593249507051,1,4.648782752208302
0.45227288910538066,24.513905394891534,29.058408029057247,1,5.929693540359661
3.2533033076326436,31.747767697700134,22.725912164414325,3,6.718294514165324
3.8867728968948203,43.8101785951306,-6.2636136470868635,1,7.6759841765422765
2.713490317738959,49.22008999076546,20.750158926219903,4,10.095481823737611
8.287375091519294,38.64539727936139,38.38421703397037,3,7.526547661544909
3.567533266935893,21.470572326199353,17.554392655817484,3,4.482080604493757
2.8093450968738076,21.64649311157644,-6.882605346743896,2,3.337975535603701
5.426960831582485,37.14153277785568,37.17669196304199,2,7.680810274703123
1.4092422497476265,12.700080142646815,2.0818269281584634,1,1.993812909534588
8.021969807540398,6.4132315434383385,5.5172500932823265,3,0.7182204743793796
0.7455064367977082,18.37648572439805,-0.11761879406224551,2,3.038383065493829
9.868869366005173,15.074710591050005,9.812903892289853,4,2.780387989139451
7.722447692966574,15.519097902343514,35.4050903413181,2,4.699551334648033
1.987156815341724,12.446779801445587,21.16315157023624,2,2.860627949092973
0.05522117123602399,3.0625662921817325,2.292876449042753,3,0.5283653102244877
8.154614284548341,1.8758228019372767,42.66980468912245,3,2.3510178659310506
7.068573438476172,49.39839709706555,42.77491129709175,5,10.958647121223493
7.2900716804098735,21.960883553057254,42.23470550276041,4,5.534403550738898
7.712703466859457,19.8320057108244,4.327772682892357,3,3.7085951176726257
0.7404465173409036,34.30271685196042,17.074360650859287,1,6.631492761055962
3.5846572854427263,11.694440505388144,49.0993793684525,4,4.0745536848721065
1.1586905952512971,47.54809801356104,36.32074857859942,4,11.368939442727484
8.631034258755935,39.53090570636205,-8.36995472646641,3,6.632500215853054
6.232981268275579,5.3811391133007165,-6.087724524370477,4,-0.31262307768267183
3.308980248526492,21.46145801346149,17.835882608739965,3,4.067185732311498
0.6355835028602363,44.07679707054607,44.55321235169361,2,11.334198282290245
3.109823217156622,47.29186909227911,22.32210787716285,5,9.985369472121345
3.2518332202674705,23.902674051243615,19.868750482057415,2,4.291848456742639
7.29606178338064,31.05715807132468,-3.671578002602165,3,4.4431234164765305
6.3755747135521315,9.184663358511687,29.40680628345764,3,2.2949546645381624
8.872127425763265,49.56726268071185,39.32618963601353,2,10.981500958229354
4.722149251619493,12.351913367788727,12.825200450453739,1,2.6862295492942687
1.195942459383017,47.19385693262116,36.536711055519646,1,10.791779522531098
7.13244787222995,32.83268580062605,47.868599234048695,1,8.056793911291228
7.607850486168974,30.779102949064097,2.2259875476613455,3,5.340035674116091
5.612771975694963,26.12173703980892,21.399777871684478,4,5.864137228256854
7.70967179954561,12.302820774170176,7.228277485074532,3,1.2476049910195675
4.937955963643907,9.649873568269905,37.57126514203036,4,4.199078417720108
5.227328293819941,11.803824244438593,24.655601952869453,2,3.120597744459497
4.275410183585496,10.13547484506847,28.074945053018226,5,3.3643373315287417
0.2541912674409519,39.19963920477091,37.87484957695364,4,8.59659362886356
1.0789142699330445,18.156137699169776,13.758228359747292,1,4.0604632784696175
0.3142918568673425,3.834291151606422,44.905404104422594,3,2.0821198550292666
6.364104112637804,48.48602887689975,21.9817320347684,2,9.52001331570909
3.143559810763267,44.305508363207856,-0.5227106298791195,1,7.9153799558445055
5.085706911647028,46.459861876565434,31.75394709012815,2,10.048392186825305
9.07566473926093,49.75048330967533,37.59568102629527,5,10.790612176993832
2.4929222914887497,9.520867211754878,9.005700624051599,3,1.2069897967828727
4.103829230356297,20.41585892623028,41.43075541992518,3,4.968093668578289
7.555511385430487,38.153685309500474,44.368595285945986,5,8.867309292268983
2.2879816549162246,35.10501028463582,6.614269242668534,3,6.45766656551079
0.7697990982879299,8.540899410652898,49.01128836291333,4,2.864251732190017
2.8975145291376805,40.97582312454027,-1.5573083170744955,2,6.971611960347361
1.6122128725400442,11.997588019996373,2.1209401041493976,1,2.128131883398879
9.29697652342573,11.967063126308531,1.0534903542815677,5,2.3577418690278766
8.08120379564417,27.311746721777265,43.639382600472224,4,6.519378853932687
6.334037565104235,30.054056807243455,29.25755313949771,1,7.052791477070694
8.714605901877178,29.424224184052747,-0.8737430066636271,1,3.9579380519093434
8.036720768991145,5.482855032489988,16.41940510210094,5,2.6321134226091214
1.8657005888603584,43.99558226888864,26.917881504188124,4,10.195167125054931
8.925589984899778,14.014402086846598,-4.9921549006370025,1,1.373406716267416
5.393422419156507,7.3462311428574045,42.94498210444032,1,2.907708614661052
8.074401551640625,44.548655913579886,38.21621212649211,4,9.52008212498602
8.960912999234932,47.826923413257916,20.312406414598293,3,9.911226398344404
3.1800347497186388,43.244253246007084,48.02759691555023,1,10.058398978727695
1.1005192452767676,40.66628766151903,15.065658756505982,2,7.669158775432907
2.279351625419417,33.10685705131206,49.04661914218987,4,8.239423624208976
4.271077886262563,27.992011159847827,30.07519992821762,1,5.918668490475733
8.18014765922493,5.2623512356590965,28.08027639523649,5,1.390615707234826
8.607305832563434,21.014207440464236,-0.04270628225290096,2,2.971632551031871
0.06952130531190703,19.261737333603385,42.91566549827864,1,4.377208528634753
5.107473025775658,13.727935404255984,15.649381275236909,2,3.1567215273933513
4.17411003148779,36.447585570740664,-0.2659956530512382,2,6.010160958267436
2.2210781047073027,25.297911018859768,-9.243548801454457,3,3.2863943279141536
1.198653673336828,4.971264579474749,23.585341018302955,2,1.794272306718096
3.3761517140362796,11.788976895540756,21.64397732736058,3,2.924804422645845
9.429097039125192,34.4796794193202,33.16121734214951,4,8.356247278945995
3.2320293202075523,4.730412115024709,43.415483181068126,3,2.8748981941566756
5.187906217433661,42.709138788389666,-5.235604921418229,5,8.748774960076235
7.030189588951778,25.262179823684743,33.88978942042174,1,5.768905552411443
3.63629602379294,24.54874228900575,1.2447166458549326,4,3.643180450596143
9.717820827209607,30.027981448316364,41.49062318942984,4,7.615646349515829
9.624472949421111,41.40936733033231,39.14381083169937,5,9.404561696211521
2.5178229582536416,18.04265118720746,22.44762529913266,3,3.552158860740355
4.972485058923855,34.22279147539412,32.61456791739869,1,7.625249277057378
3.0087830981676964,28.72086623579376,8.861006791024902,3,5.920099953214792
2.848404943774676,14.084385238301644,18.270073935968878,2,2.512383323660631
0.36886947354532795,44.05286933140274,39.2982138626283,3,10.712678603077823
6.095643339798968,40.073875058739475,17.555911830392834,4,7.797763623766129
5.026790232288615,33.26413989826285,11.467895919526509,1,6.204271164966164
0.5147875124998935,42.678504725617856,19.652746835017993,3,9.011492227764906
2.7864646423661146,43.49741584703032,39.6949551462331,1,9.59028132237569
9.082658859666537,35.70978585903671,10.112482842252362,1,5.859580144450691
2.395618906669724,42.01365308981993,0.4256955881446274,2,8.087719143265621
1.448948720912231,35.1761016217949,32.72084121984685,2,7.559530215173309
4.89452760277563,34.32689781625472,39.55869276248491,4,8.615763426072036
9.856504541106007,31.31195753254403,-3.961751288588,5,4.932231874565575
2.4205527151150044,37.88311533832442,4.392446765356684,1,6.349527114884513
6.721355474058786,8.771650159360611,-1.481680614340366,5,1.6114627059327824
7.616196153287175,44.16266720074749,10.87648469493,4,8.946611721267011
2.3763754399239967,43.72033285951637,17.021058734324757,1,8.475826653277172
7.282163486118596,2.433116868693398,34.92958021779839,1,1.510618183714018
3.677831327192532,41.465020777673374,29.06885509290045,5,8.769427342407518
6.3230583059357945,7.3146235061988145,27.25571404870587,3,2.1808399624195114
6.335297107608947,17.420823858697954,11.142496796579266,2,3.305566573263587
5.357746840747585,37.43190455828878,40.48685318508559,3,8.623832768316522
0.902897700544083,8.877234906367102,18.277230043889872,5,1.771665630672535
8.35302495589238,41.08038418183405,48.74629628090927,2,9.888515939519671
3.2078006497173583,41.774574719929355,28.048528297744213,3,9.029850787222633
1.8651851039985423,25.865918954280975,-2.4241155061298354,2,4.019066976089899
0.40775141554763916,1.3129077141248455,30.57065372452604,1,0.3742069939608961
5.908929431882418,15.064868525570727,9.506240925901938,3,2.794524276076976
6.775643618422825,31.22941900041137,31.179631801165847,2,6.773204207722264
0.16587828927856152,49.07812272334375,-5.8215311102556555,2,8.2072191789375
5.12093058299281,31.95886282381675,0.49288623055756275,2,5.638181781670284
2.2649577519793795,13.73037547214383,41.34423553434718,3,4.917439607173819
6.451727904094499,32.06627945188096,3.6307734214108933,4,5.811380728493198
1.7436642900499144,27.45928360607692,40.2224675145764,3,7.551868367565216
6.90937738102466,39.21242436240603,6.756565307264626,5,8.737478995209486
3.867353463005374,6.242051302520962,28.572914603522456,3,1.5003465394914777
9.367299887367345,38.29036722259937,31.649034410589863,2,8.445047269148851
1.3752094414599325,27.522062355129403,20.759285188703174,1,6.694242689369194
3.410663510502585,48.186608189090734,8.318640601803878,3,9.292713687203818
1.1347352124058907,17.75173613589562,2.7586625822657673,3,3.006686429175112
9.246936182785628,31.99847276356346,-8.008638726254427,2,4.364259879212525
8.77339353380981,46.66937716999085,8.236784074443428,1,8.579883687560509
2.579416277151556,6.022976671543283,29.18976743187698,1,2.041878048236974
6.59984046034179,46.924195874586104,46.29828910690896,5,12.414394951738295
8.172222002012159,34.70640039273985,42.272268935783124,3,8.256890108601283
5.5520081159946235,4.324015896153423,35.96388659211816,1,0.9316843477109151
5.296505783560065,15.747214780393996,37.30684059519792,1,3.412160390452041
2.418522909004517,35.7004323436188,29.899094208559717,4,8.017146336182599
0.9310276780589921,4.300179471969813,5.617211453960181,4,1.1294998661180962
8.972157579533267,29.52635254863739,44.43170184234979,1,7.545532443282665
9.004180571633304,17.94826979069488,30.243938714350044,5,4.831978825611541
6.33101457273268,31.42486037060638,23.6264378588264,1,7.2208661605213935
3.390297910487007,3.2413596568131298,-3.340631847191135,2,-0.6788742047564065
3.492095746126609,43.70530350146644,16.823332628385526,3,8.891774691691346
7.259556788702394,48.70095948969245,17.62149627211558,5,9.861075651443072
8.971102599525771,48.47501490899888,41.8738165713602,2,10.852965942641749
8.870864242651173,37.73293975540331,22.798893211267306,5,7.683397934481285
7.798755458576238,7.374225766400967,12.82403293822458,2,1.1440587644745244
6.420316461542877,38.15489660052211,48.60801971063956,3,9.347522522513701
0.8413996499504883,2.204758906481274,-3.35676440042106,3,-0.6126221886555734
1.6162871409461377,2.0840540249208654,15.352905698716675,4,0.5039253384131059
8.985541885270793,16.85690073832752,-7.478519489715683,2,2.3999744448983136
6.0642905965958995,24.943516329828622,34.39424724601582,4,6.727763512798717
0.09197051616629648,38.74996347258187,45.084593131949035,2,9.859800285170124
1.014715428660321,34.481473453718756,6.802239773029367,4,7.017117563093716
6.635017691080558,22.849232612460668,41.50050060794725,3,5.314880813670339
0.05061583846218687,14.407706647801628,7.533093827713866,5,2.5779910281610925
1.6080805141749865,49.859100507727845,44.64620969863491,4,11.466988071121015
5.487337893665861,21.882883809562674,35.23771421580704,2,5.0098875573086055
6.918951976926932,23.117964192154098,38.29440661048632,2,5.909488758469939
6.519612595026006,9.01756723839179,-8.91960666397273,3,-0.13963113216100753
2.242693094605598,39.94566788874654,47.768621424441555,2,10.424347883735532
7.121792213475358,34.99042906329294,33.600259524219396,1,8.375709124630415
2.3724908749680007,11.81771102664926,8.285065723168,5,2.516896622439131
3.2539969815926773,5.036671235176292,39.76367989153081,4,2.3644635766517066
7.464914051180242,34.344465801660945,6.891271904895795,5,7.3278764031132555
6.496328990472147,33.071049499775626,42.36523037396768,3,8.377173887043643
8.49223410494178,14.389716822912257,-3.2451765752837787,4,2.6690034279273087
6.576128923003433,47.59231455027011,32.22115864764775,4,10.49999480130649
5.683086033354716,8.401836697264113,22.441908598694617,1,2.797119312319637
0.9367476782809248,22.184405251087494,-4.207931788273552,3,4.10992839864875
3.6771580305943354,47.23718008821235,4.513629695530339,2,9.127885650136953
2.6520236768172545,21.566638529379993,-9.255757823361112,1,3.5785262749235205
2.4398964337908358,32.28777143554019,18.126077927870348,1,6.25427721258457
9.730105547524456,20.48212550017692,8.075915645600023,5,3.4164707026418726
3.930977246667604,14.43654491508483,25.901449057865527,5,3.843156692433981
8.920465551771134,49.214904750031586,7.834268462517031,5,9.706149150225436
6.311386259972629,21.057366309437107,7.99514669041908,1,3.612371925269561
7.948113035416484,44.81086098027759,34.5915919238962,2,10.499907811925029
5.026370931051921,12.267775688663223,-7.1114298412987935,4,1.5815532522730198
5.769038846263591,11.442130497229082,44.173699711519234,5,4.12889562178952
4.925176938188639,2.5255700613410568,41.13583246347089,2,1.598379356064708
1.952429877980445,32.931674443418366,30.068280993584388,3,7.830310508002655
7.224521152615053,19.057790842464296,25.593294206443055,5,4.9421607694689715
2.807723624408558,43.353554242142216,43.53814988837913,4,10.684448181294549
0.2431596643145384,24.1872854278863,1.1198107717228662,3,3.9448156408453143
6.454722959071678,48.44147796782136,-5.261850268550283,3,9.377247310160257
1.7711067940704894,10.090750269452936,4.370610194572286,4,2.556064775502388
9.404585843529143,43.56253522982493,37.67469672201142,5,10.517261080727911
9.539285770025874,39.053245786795344,-7.919783996411001,1,6.110015813916374
9.148643902204485,38.775170387558546,24.968410105009376,4,8.002353440644077
3.7015870025544437,42.394378177727496,49.7262509714786,4,10.177499706322886
0.15456616528867428,38.29017555620695,41.34176563025237,4,8.842934785744747
9.283185625877254,31.684795759939355,21.286741342615368,3,6.665749906275008
4.281841483173143,7.430999006436991,-6.181545442801459,2,0.6933437623312491
9.666548190436696,2.593782795071344,39.88241086314259,1,1.7578533225463224
9.636199770892528,46.12154454296866,25.93871049063263,5,10.122388961318508
8.530094554673601,31.215865411516162,-3.1040201764259905,5,5.4673706985818615
2.944488920695857,40.03032725783264,-4.368562910598628,2,6.9507143424543205
3.8509772860192526,24.594595224114954,44.57760916619554,4,6.946087256897269
8.511366715168569,6.7481012591573295,30.152015776284706,1,0.951242026895794
3.1692200515627764,7.134103817924972,39.757207959005335,5,2.908985957295896
1.6949274668609249,34.592699074219595,42.73873401693604,5,8.699470313154384
5.568012624583502,22.08498885007367,24.306341122899333,4,5.424106360433347
9.36154774160781,10.8257116083165,21.046781105302475,2,1.9124584072865118
6.96029796674973,25.088132790330405,15.82564461925941,1,4.377453947802492
5.700611700893649,4.146237916681571,9.016795267467156,2,0.7720648441487388
0.9717649377076854,29.51659869380554,16.075757651522707,2,4.954881501208787
6.150072266991698,14.180676817319785,36.432779343809386,1,4.423868886034819
9.900538501042632,40.08039593122222,26.11540586090789,1,8.535145475036245
1.4008401523652403,16.207735987255113,43.55139739729076,5,5.69847767373728
5.183296523637368,23.30578730500826,16.602800862751263,5,4.447761315854459
8.773730719279554,1.5694064554969311,26.425374723125245,1,0.5169702928965283
7.407686177542044,4.549897501933385,27.87845318551932,3,0.3999679961992002
6.97015740995268,20.232184263927557,25.501829738379534,5,4.423683458206851
7.024840839871093,24.51700290113905,32.15802638513098,3,5.71937845912342
3.5949115121975517,30.401006857845882,4.246008102488377,1,4.411147986689378
2.9359184426449336,15.291466356755858,20.741826652747438,5,3.398071197889344
8.093611554785136,35.05411242020058,-3.7465118314991397,2,5.029826804035038
8.101133946791808,43.145997462271026,13.070679658688753,1,8.254003382932929
8.670723185801037,39.21269845577414,19.260024117275865,4,8.779096860572741
9.132405525564714,2.9413224420695,29.13345557272835,3,1.3274473919932563
5.113423988609378,24.54484041563362,47.03186315517221,1,7.189664927191236
5.015162946871996,6.141578742490569,26.039063992901355,1,2.0234152298404866
7.9829517896677515,12.860205777263847,34.61563497059359,5,4.476896828285934
6.4996393077776515,49.34646707009018,20.375963569712166,5,10.005618972064504
7.019668772577034,7.982281602174148,28.046241882579878,5,2.104197600367522
7.95792669436101,25.44551951911645,-5.744067031973595,4,4.374707260417295
8.900053418175663,31.289630981587838,5.263494850510819,5,5.23224989302668
3.379951568515358,35.42078355666109,11.711185592308322,1,7.00528786582868
3.75582952639944,28.42278549085879,18.349601300390816,5,5.940077254917835
0.93981939840869,1.4787715235399994,-7.261075269856976,2,-0.20230104001152027
5.78280140996174,16.996604103955605,-1.5985541468009394,5,3.1591492404907795
0.35942273796742086,26.36787052585086,6.6088584674783455,4,5.552370243714154
4.655980181324601,5.305458458096834,48.29196145406304,2,2.2985867236249957
5.426446347075766,18.180719629249857,9.880820426183046,1,3.754290081539988
2.865412521282844,2.6269523307769616,18.92246348672495,1,1.293869887673781
5.9083326056901075,4.850346360596016,1.7658627643035771,3,0.3390054986442117
0.3050024993904943,20.449240533878207,26.6468042645461,2,4.252513010319702
0.37348188749214417,7.503071948109957,6.840992930958457,3,0.7817704355527095
8.226005606596583,28.80950156481635,2.4195547063056075,2,5.7023845442865335
3.601906414112629,34.78378348772602,20.994357706758745,2,8.548647454094798
1.2706051265188478,40.228748256345064,-9.66965205037475,4,6.471444513662664
5.222432600548044,10.807361967995694,-9.54015804104648,3,0.4552044665255345
7.699935530986108,9.206646530694417,3.1441285461114674,4,1.8592428237816963
2.1582102749684315,6.123824176385613,-7.7967182499507315,2,-0.34202784190373653
6.228904758190002,32.1850822276382,-3.518454752158517,1,5.8702714000338485
0.85347464993768,35.61731059785816,10.331638960325094,2,7.072717154351209
0.516817211686077,2.54772109645646,38.15514077478877,4,1.8053126067817487
5.31354631568148,46.874400065940804,24.322918602158047,3,10.111661710556909
5.406351216101065,3.5465928989221482,20.760063557384985,3,1.2374209422303761
6.374299014982066,27.523520429752452,7.609329392487297,4,5.195367306681767
7.260913337226615,35.7439654530949,45.905223165968984,3,7.865873733098182
9.758520794625346,43.677487063558196,13.820902474231499,5,9.015867900717732
5.163003483011953,35.99025967448896,-4.7744339922537105,1,6.845860418317188
3.2295647294124596,40.2846760704198,27.023990967068073,1,7.703750430835101
7.9518619476870365,17.6330594345975,-3.1696963914039156,1,1.9852345572798316
2.708322512620742,40.9264305735791,10.713388568101525,3,8.234369030503904
4.389714207056361,4.925627472849082,20.444716323068533,3,1.3266572420893834
0.7845638134226596,44.84601614696585,42.453351481110545,2,10.497461883240842
0.2535074341545751,27.832026431533077,19.61279482040712,2,5.3973859234131405
9.626484146779251,41.04759072816219,32.13552596189986,1,9.497523587023583
8.359801205122059,23.163595941396707,49.56901033994422,5,6.634619988121657
6.95974206093698,32.53530706462972,-2.1106528061211023,2,5.950021533791418
4.089529444142698,26.793730385869548,6.483891531171171,2,5.043079359218017
1.7329432007084578,36.84788656601126,13.674564535858785,3,7.441053023975688
1.5643704267108605,4.999869119498889,15.309690712329882,5,1.578875188030337
2.502428981645953,3.957252115537626,14.661264515932746,1,0.7177576258876377
5.4922666470612045,13.108058466497177,44.456660153393294,2,3.4493451869213443
7.145959227000623,8.81768932554623,32.84195866801139,5,3.4493142113677977
6.601973767177313,43.717394763017886,26.474312845442228,5,9.976258237999781
2.7993389694594284,11.741485380544171,8.562363071766924,1,0.8229900340182756
9.54865280663194,48.81739753513743,39.42742305327768,5,10.907750517253533
7.378969166957685,17.507893796784234,47.303630689099336,5,5.887940525058218
5.543540525114007,9.923777868746265,39.271896953013595,5,2.534886148161016
6.117207462343522,39.69522684998148,-9.906093688511625,2,7.115524126521088
4.196000624277899,33.27668099954293,28.184082211004423,1,7.093929042631682
2.4773098950115746,25.41159010620381,-6.9318771134739565,5,4.90586545073406
3.559726786512616,28.21281399594393,5.45643322002331,5,5.41481106565222
7.578461104643691,36.24088713534093,-6.428517979133699,2,5.765717531613687
0.14393488629755868,12.194282325233637,26.227727176963263,1,3.0042856542744616
1.1607264050691624,49.820361886780354,31.195394809556404,3,10.8086493730789
0.4600264202175275,48.76486494519237,-3.1307417160456925,2,8.39101033616585
0.40728802318970136,32.865958630999906,13.03033298269877,1,7.433880116840613
8.554605840110073,10.777580095528112,17.37419053733252,5,2.0386764551800907
7.036578593800237,34.33118387913328,12.143181305654995,1,5.451918153579509
4.741738290873252,4.5377220399796165,-2.7384999708884177,1,0.6614688935122488
0.9783416065100148,2.5019726080844973,15.136867411248524,1,0.0654561560213624
4.916158751168323,13.62646153704947,35.07068286850509,3,3.630439820352301
4.734717707805657,23.6685248802265,-5.739540128004672,1,3.367774937330549
1.7320186991001518,43.54535276501065,-5.189199155085793,3,7.464784878168678
4.33851649237973,36.63128441854909,11.286277510159053,5,7.0074745235860485
3.9850473439737346,37.39261953879907,46.5035426971355,3,8.605292391368106
6.158500980522165,21.84917338795569,30.11435880337484,5,5.407932498612164
6.350936508676438,17.950814634801183,30.72019740035389,5,4.425179018140113
0.4530400977204452,19.18089938624553,11.715199450271896,3,4.087120944929675
3.746126146264712,49.394828623066836,25.619647472512305,2,10.60129512404706
6.258599157142363,2.9653503792116416,-9.392128958335398,4,-0.9402924688371439
5.031362585800877,43.48454330999998,28.165762784572536,1,9.259457439264802
8.564898411883222,29.355095020047276,44.7972168545742,4,7.301960684677489
6.58693631618945,22.492155540289932,26.754408100689147,1,4.440321291775611
1.629344270814297,36.537625360341686,42.4219156079807,1,8.873336637724938
0.7056874740042984,24.84677812981044,33.43838332796563,5,6.080612152706187
6.424192782063156,43.797738666001365,-2.7664950157785846,1,7.517447972326104
0.26511310541621813,45.134391336551666,44.1471984371505,1,9.90645457095622
5.8577558127346325,21.664325416799315,-6.013369338653507,3,2.8182282358905177
9.402302414249576,14.564562064517528,22.03804835286583,4,4.40919884250407
5.75474177875879,30.02516610107475,-1.4717725723925401,3,5.398503916410322
3.881699262065219,45.70580393521786,-9.297603356145757,1,7.230716100634876
6.432882184423532,11.322447261277663,15.322055607658342,5,2.674525181799856
4.582528904915167,31.525362594610655,7.702442459249376,3,6.5212027302823685
5.45616789315935,31.946450784533507,19.160029627856183,3,6.7310504445645325
9.41464808776525,36.92253809834877,24.631993204073048,2,8.50311795093997
3.8610263780077423,7.446816571235731,-7.375655661463158,1,-0.550826039860995
9.611905638239142,36.07542326942234,-2.6198022925752618,5,5.588433515565599
9.053506419560637,45.542593512616406,23.51854378702552,3,9.714704602801435
1.9579113478929644,9.804472334641856,10.590041190359493,3,1.9286445981332874
0.6936130087516545,12.639622921270004,33.75040925296688,5,2.0456949577752237
1.0077800137742665,48.59835960804034,29.13749891551638,1,9.96475882178288
0.18221825651549728,9.867870682764998,40.73626177939441,2,2.7060560683309927
0.944429607559284,42.864869575109374,31.549569600153518,3,8.754479274677973
6.830067734163569,25.121614965953704,15.795864643408887,2,4.50859534305628
0.7118864846022899,13.114322645755674,30.377997343665946,4,3.8396582971341124
3.189756302937613,43.66674516235306,6.522870455325112,1,7.6507900445920125
8.448753109694545,22.81995749513061,8.37880992669276,4,3.8913709280698403
0.23271935735825866,26.22605034255482,37.3391095952476,4,5.702762893844505
8.144684825889358,18.60243510058852,16.78517098409493,4,4.5942003905803634
2.8185477477339993,30.054591720311443,37.90282043110115,1,7.223375548352664
1.1816482762165625,9.012669756666115,39.345342420096706,1,1.6236229708866083
6.967371653641506,20.162995295936273,41.453740259677026,5,5.114166032559512
6.28942846779884,48.50120379442909,44.99811415047244,2,11.414405408606903
8.77472013527053,13.64853820235525,15.859113230797774,2,3.363359576502357
7.350710438038858,33.18009656252332,9.13200909926833,5,7.013039147151408
8.034809303848485,16.934313147010048,24.93192479564683,5,3.9556174140554083
2.820345725713065,38.90018315864343,12.270345406257654,4,6.82786547164505
1.7743954377972282,7.412809375199141,26.064450008013978,5,2.7209088723961825
7.506147516408584,48.52123120884869,32.33515175862948,3,10.47255540404096
8.06834739267264,23.235687527798323,31.30430110952821,2,5.44678356834361
9.905051420006734,12.566472703976734,12.473173221207283,5,2.5482429827514625
4.126176769114265,4.60134061917062,0.011612101925170037,3,-0.4569160208577513
3.720180857927832,9.318137349289497,15.831760307732452,3,2.137340591356016
7.764129607419968,26.468923479244864,-1.4443513550854767,3,4.6347966436514225
3.4080354025301784,17.51315564513303,43.4058221110285,3,4.760027813120632
9.307573256035647,41.61528492824787,10.752647644271445,4,8.496242267794392
8.584127518430119,22.11348865942849,-0.7324151666005729,3,2.9990771998440158
4.289940273750183,13.186999356793866,-8.473134405654948,4,1.4792417631344714
7.508710677914974,31.240104343597473,28.749343177189054,4,7.098551764046842
7.545428740846823,35.63208362738685,28.214139047284597,3,6.969659861774068
1.031238688359326,9.185053487146543,10.4362499948775,2,1.5302748917551572
9.025529066795666,9.213341598127565,-5.69728666914094,3,1.224626559509114
5.052523724478571,2.7968999197436055,14.57773369371392,3,0.4366512066129833
8.264574661077416,37.083698738216384,8.673049703803613,3,7.133334781576285
3.2004960103061175,33.52642185346845,30.627238384100565,2,7.717818309515802
8.955232284962005,24.25691291174088,26.346754967161424,1,5.07482027627311
3.892016787341631,42.36435199949066,11.8756236918524,1,8.017752884718607
0.1083765148029836,40.4778374945526,3.073553255299405,4,7.060893404409258
9.053819764192637,29.682363855440855,49.282157969335515,4,7.793112280894565
0.9128667678613356,43.54529274514967,17.240097271766892,2,8.603639170815889
3.1931363759041487,11.086219291801644,31.29645414681422,5,3.5316114632277014
9.50061967050805,6.484061350488666,-1.5668219452983543,1,0.6002011499244353
9.506071469375561,14.21773096433249,19.135381979563867,4,3.595919811351132
5.734378881232861,3.797255948376428,-8.34779680783207,1,-0.8120688261638833
6.318372121697992,27.02730687205057,20.327307074626997,2,4.533536185329406
4.4844552197831975,46.89367892245311,47.841044427062144,2,11.341607879076117
2.9321077169806453,2.9278334927569727,13.052402779148014,5,0.9537473195574998
3.2866454536991596,6.983385786491313,-7.660239245505305,5,0.1960193926799524
6.725184560770384,23.15775238588833,-8.142652544839388,2,3.7018879497193655
7.5237452943768,46.75987585886734,13.279205596812169,4,8.691640550355956
7.915790437258485,16.491649143860776,-0.3985038122083573,1,2.8935247445968755
7.896181427945539,25.85450562573123,-8.598874220308845,3,3.874145138233778
0.9120610304869037,3.0370700934692128,35.37281683701061,5,1.4615910540419255
4.944203047025814,8.268816847142354,17.511380532913442,3,1.5184816179546992
0.5755876001664428,49.3448760249835,7.354686318359271,4,9.52096702791456
5.495288823237355,48.290816125366234,44.00499098098884,5,11.352406737472958
4.41530501373377,1.242059065786071,-3.0316623879684634,3,-0.5790311660415055
8.877041827582998,47.63877748573871,47.35512973731915,4,11.080708262034639
3.5091501255207866,32.31687695295952,8.83800304264117,1,6.105395329454701
1.1706701642760586,43.527996431481085,43.30422033852087,4,10.274949940388979
1.4299168205283586,23.282252926059098,26.17657258876769,5,5.141492716863005
7.615106317174723,26.26420540038326,39.60244158448925,2,6.033867847090484
6.182180633162611,24.953482432589087,49.040789792627855,1,6.846918747596629
1.0112267612279024,33.67634861975911,7.3043262691247435,3,6.662649055407012
0.8410680611499743,7.842911483059332,47.668129124455575,5,3.480556930415277
7.009691314591199,2.4687059037612196,13.36891369414522,2,0.8242845984546057
0.7276300636419353,16.088567137968354,13.13071428421534,4,2.2935853137206204
8.218600592903563,35.52935737409569,10.423226255270343,2,6.544835466829304
7.062422271564962,10.89081915402447,22.484456440855112,5,2.224228096680328
0.8134878064189976,33.99818923292095,-0.7512974092907747,5,7.390209108688576
0.8483771408519192,48.52569025925625,23.22268912148067,2,10.422882418123278
9.866395785011754,5.601135073681501,22.502288744600243,4,1.6058104601371745
3.742707957561203,33.95750379303119,35.7141087562922,2,8.169701485843925
3.706421470668909,22.743760745923986,40.018997716255136,5,6.6078398668751115
8.127995672575025,43.538970464497766,16.42648101874544,5,9.581933989598861
9.472485773838587,9.68033968292191,8.139994961089624,3,2.1039194271890396
9.860010638228708,34.93867165908206,5.560093839025669,3,6.434468862126664
7.533781852589416,42.0676491927574,1.6774302022923155,1,7.346718638924121
3.762595855309158,47.28609675422714,-6.541145068058507,5,8.149067507452159
0.8350071669866876,34.47915338619264,10.546878730082799,3,6.974398247107172
7.771469159274368,25.361563436412936,6.214861527846995,2,4.503587896010547
5.58404249735805,31.27451476985948,47.98504315198444,4,7.844919596312522
4.242220092469763,43.57634423945719,23.462529575002634,2,8.853064645777668
9.06354385094736,28.959877585302653,10.836622341830452,4,6.458902949469398
1.1119748230615134,2.4889659251450063,24.82805605962176,3,1.5155361944309247
4.926251042908591,46.61648607984191,-1.6481979192582692,1,9.256084248069552
0.11353644767419069,34.7868108005465,16.642624952132174,2,7.2540015576619625
4.6866064199412625,34.14915590308508,27.57405928526383,2,7.437011365007658
0.5630327568183735,11.568082467488141,19.333869907547083,2,2.46760876350252
1.1881791626807192,33.2853880414002,14.106728039259455,4,6.2522632366122775
1.1752624677710488,20.299355877053767,49.63090333398189,3,5.210706846234149
6.492103021160636,32.91041587503311,42.81888572893562,2,8.176697972399841
7.460448792654233,6.223058485091546,27.404357489566408,2,1.3474902162550022
5.833687650971596,33.234419925548764,24.162641670936964,1,7.060744945590219
9.621725484745419,49.971272562762664,27.23962878947504,1,11.01396929357389
3.748705795237041,3.3623899041672454,2.0787264693459946,3,-0.25631266221469945
2.8571208628186073,48.881535026844546,13.708264595859116,3,10.766961052457656
8.685991281894603,20.93849007542066,-7.632428026546041,5,2.8107290532847804
2.235958385194526,43.6669190665257,18.5327622492096,1,9.255119304010544
9.632225394406113,39.3368887188554,22.58147503745979,5,8.70882958621025
0.12154474689816341,28.783796788346724,3.664984166192575,4,5.937056190952051
9.69878826707639,37.184011253315,47.841730829930825,5,8.770789986479695
0.43159911950576113,44.04726250376605,44.56727665623452,2,11.391326792041742
8.911431136980712,20.802875760900616,33.32859412735435,5,5.237617316656388
5.277011090862999,17.024624916598697,22.00319772592175,3,4.143408839265468
9.929647961193004,33.71207589261565,42.1981495788611,4,8.974566401939436
0.7379656473539886,40.58445115512167,-2.1608593705922257,2,6.906516228747114
5.538542844013207,38.35197160405417,37.4305876564931,5,9.45478688510908
9.69302535619099,40.09286879407309,-2.510751161989102,4,6.9073013781044175
5.230978441701488,22.343582425833716,37.652639752964326,4,6.44982926304388
6.293986381352625,41.073876592576056,6.546054095081416,2,7.361987657654915
6.957486889846171,6.890243713159814,42.625434861091335,5,3.0285739769344096
4.545410647677732,27.67996580008163,46.64252562952387,4,7.421179791998499
6.275580800840634,1.282174364407957,-1.0722418356930614,4,-0.005027334041754039
5.843143119231002,16.904705665113244,17.76053630392361,1,4.353206102432102
9.01158010490989,18.956615208698494,48.8592426897611,4,5.40830068142051
0.4544638034145787,20.412461888853514,19.004446158388795,1,4.702082072826945
2.809631895922303,35.07789312780324,41.812851350872705,5,9.591350417421353
9.504114840765588,20.039346962246942,25.32389132787919,5,4.856930639275808
8.902637838909163,22.985987508504003,12.519794475176113,5,4.4481208503994605
4.55656752785713,12.639662412842046,7.147013331552213,3,1.3202662794283748
6.201325978015367,19.289337789837663,2.1933854651652354,5,4.409174714931325
2.7738118298113266,12.136211735894422,35.707891482661836,4,3.4904147563497943
1.881211597237613,4.586600264653738,13.192430409381672,2,0.27626232378455573
4.636984049399821,30.568981075687518,20.67652773204507,1,5.568457559634876
3.533522280260528,33.7424271291958,19.539528800070915,3,6.523854770647685
5.836561118508721,31.35502695447111,24.636741753987877,5,7.462695125207199
0.7773463696498484,23.711208146228046,41.93462873747313,5,6.867907329956635
9.743948076661665,19.609503228782263,48.84436061500576,2,5.890179612234509
9.86210744479603,43.303348829019434,14.455052514429017,2,8.64959130520202
6.981617140197452,26.435007471674684,39.65113532637818,3,5.946797965903179
5.360963663441204,24.479912003856818,35.87166767928306,1,5.4245953117844925
3.0952761628632777,2.256461224515349,24.411737087334394,5,0.6185693939291519
8.137950197069486,17.72114355368166,47.36282861671599,3,5.498780644335264
6.847311725538793,19.629585320506997,2.0284709317041667,4,2.895684371255756
1.626169393448913,20.542316263948123,-3.444147381422715,4,2.979132828191694
9.109271844938425,29.428446092139282,41.23771801732533,3,7.1558314977948685
8.22537242923169,27.146524789617043,16.348988998024897,5,4.911854331276481
9.49799913291924,30.787349546878787,40.818131252423626,3,7.521762187417362
7.2571950838836,38.47927981556428,43.585412311724895,5,9.321550138181333
6.134151959357899,40.83630119708858,-6.252544382855714,2,7.646737593255775
4.182430362906189,36.18803073509822,43.007885779163644,3,8.27806766346095
9.327284833540133,47.8206611017918,16.89914332216533,5,9.259491627310458
8.660638895004084,1.89339655114172,20.625949340253932,3,0.5229469524453982
0.45218670106189407,10.59312129849376,27.59555066559261,3,2.249356146260374
0.26366974497252005,1.3705808739289638,45.582956403805206,5,2.0728412908826153
3.7646336687804958,32.72626099357555,-8.853034334214158,5,4.6726330510911
8.105533307818328,45.00349689854936,18.610608099069026,1,8.728557082974682
9.872761293149445,12.930632532238665,31.26332254583364,3,2.9851067988283058
1.5041689110352818,46.424692695019026,33.362417461893706,4,10.636937950641524
5.941307153521351,3.9531021241884816,31.551945892226477,3,1.2629353646363377
3.8089085663102153,46.787365313470204,-1.9338922355126886,3,7.692730571619158
9.699143978146033,18.229511674742085,7.963735302300876,5,3.4431790515961866
8.421189231357086,5.96962059401161,11.522931525020809,3,1.2300137651906171
8.383287047111379,24.807716200129956,38.2662324607703,3,6.0392522664341435
4.686931597949703,13.582051818304889,6.725592344873181,4,2.147028591295083
4.148195023376652,14.958772196134218,2.64229783203219,5,2.288088280536322
2.7340707193070624,16.057208281388043,47.44688114228577,3,4.940259729612914
0.5637549665092711,40.34826899380051,-9.468202893191865,2,6.351519279480734
8.647223762550531,27.41890255708747,49.869251340918694,1,6.913001592758162
8.129010091300776,16.25407725864418,30.609277931443735,4,4.556502633744709
9.997176732861305,30.906355382235,39.70815796694703,3,6.8160174353415295
9.966368370739055,36.091383036936485,7.67716378077159,2,6.780301286555741
5.5543170560262745,14.358576035943155,-9.1410833399764,3,0.8201663337913089
7.689874151805105,21.263905974742226,34.272171113691805,3,5.380354585638012
9.44765729882428,6.9724185735104305,40.04867582004054,5,2.407512900304583
8.496473906774115,9.876318127199335,34.42856791721115,5,3.7064879278158216
2.4734810174319763,34.37477484428416,-1.4289827619496833,5,5.5650321759366745
4.505441353100935,9.89047903708572,35.20567533541814,2,3.1594190925885552
1.2915941515149498,26.733005799685948,36.13536692645846,3,7.06393504552336
9.540510272587223,35.7432668243992,29.512430940203295,1,7.20893021117977
6.0617463445088005,6.236969231642448,35.966955967735174,4,2.0147991802177785
2.2864280550346274,28.798298761816273,40.75528638066393,5,6.825326249208153
6.7170068440585675,13.571576401366825,26.816246854247503,5,3.312196278783588
6.181282404578958,48.18341688664141,-4.683717161819256,3,8.961208418832053
3.5816271803284048,24.69373668927631,19.25766858003265,3,4.917878299913332
1.1355759219962902,40.493634938982744,-5.341039919703697,2,6.471195879208186
6.715731955927996,27.961100565656828,14.452581861945852,2,4.505472352937014
5.2030770090379335,3.127214109886139,14.426389347537658,5,1.6477360426103087
7.723183917356393,32.0244174041071,-6.039409351585505,3,6.243160828449468
5.201635011119934,47.61876376812619,10.92923203816876,1,9.450332875277905
8.5218150031854,30.47897918717023,-3.34011407252111,4,4.923598286595499
5.519068387744856,41.14025411191272,38.49411260055333,3,9.826607509976034
5.609379715353863,44.326116704071985,46.861281557868246,3,10.982640877454344
8.76653602658345,12.175908825497691,-5.661011484523684,2,1.2250071251669876
4.034828662123971,11.390197155503106,47.306912437502085,4,4.064069324975171
1.3401522845064073,30.938068453698595,21.35459596020471,5,7.3712276034947015
0.28782676313338973,21.14039502052853,7.973940677232434,3,3.1065453594391235
7.55137255673619,42.153203840469295,-5.388275483430189,5,8.160438405483436
6.203095513534647,45.10113304650255,20.03745608422507,3,9.167522507833507
7.0407976809922355,18.317647585833186,37.67093266944492,5,4.490786999633358
2.129641615089107,12.606657389749621,32.42518863600189,4,3.02743767310285
1.3637147558676976,39.24575024694923,-6.986439312161574,2,6.2674670165222235
0.14544665667881929,14.46549574185867,-5.62588987792579,4,1.4067692944248427
3.5058755880659698,41.308101607170244,14.172396957958227,1,8.955934656526468
5.899176868546331,21.76317442878938,7.717429642876596,2,4.184107837152206
3.922440450997323,33.70994506528205,3.94305938336287,4,6.8713833590288385
4.374749220237291,5.681230377898741,6.860269934522815,1,0.8604437181142282
9.041586944937483,31.569106909152076,38.20896459781308,3,7.554883415956155
3.4825546702330037,23.136616258124228,45.75368321791123,3,6.252385074203223
5.139894891598108,29.743814695598232,14.306161671653985,5,5.965314703247414
7.8365301274114305,9.232696179498308,44.36666012794982,2,3.1069810540770675
3.9654278232127016,37.10681350226493,9.289742074872919,3,6.481798117290185
6.220867002278735,43.2770567996182,18.586219180627495,2,9.325635394475146
8.623637087467452,11.620250204448007,3.5617398689599824,3,0.8955203913360777
9.495206236576422,5.690013220487924,28.428562530550636,5,1.5301254753605174
1.4707348092903794,2.1582907162704834,48.73886691048853,4,3.2746185542588284
9.265876251614944,32.456603521720034,26.20958576260272,5,7.369886434006556
4.921162930795382,30.747607768350257,11.46884504681293,1,5.911819028525797
2.5824438829895833,27.788173222989432,28.869046759431704,3,6.6197562564533365
4.591357562382613,12.365407709682795,-2.624759292076746,1,0.6716748307720243
9.800325752854771,20.15439379937022,43.31954481592392,1,4.5999593174352285
4.926180939928696,30.12934042412248,20.185037046790182,2,6.012672763889582
3.287516102875082,25.341576084099298,16.960984522378524,3,4.7646839641649406
6.334008543167258,49.401490490529476,25.151887307211155,1,10.200414480961753
2.401456187781931,7.685547875279923,27.487031767364144,4,2.55423581107526
0.7586332810866392,35.06208314833209,-5.693451626409218,1,6.522325572281256
1.2887972191064923,20.811619637110315,30.957033273404143,4,5.515719760987066
1.2804583895777244,21.981781131355124,4.515900818931776,2,3.325012911373137
1.5190269351229435,36.16229051725063,32.83715795039539,1,7.786833961996
1.3882717264941014,34.92937141489411,39.352087663051805,5,8.130006080506606
6.4087474480321465,49.57154369140723,38.237510453151216,2,10.517903821432832
1.8188008439914483,7.291320183252136,23.150058044473347,4,1.3936793825351783
3.456672833238632,6.10137281982415,21.210193538645072,2,2.312940434759354
8.967884099060118,36.492602039308316,-1.427442319635297,1,6.332469413496224
4.739616402628723,29.340958933314045,36.520769024188134,3,6.882115134569842
6.675577385210271,14.433872661430488,6.284562826802862,3,2.7431314569233916
1.7231987120162984,4.891549080460344,19.80172536907679,4,1.635269136416695
1.9228901880867078,5.197254230225096,7.056445575651004,4,1.3516859516807802
0.40868616266478863,44.81535285854179,-1.970298220018412,3,7.792724854024057
1.6893506307216455,10.401498911218402,27.77346181350419,4,3.070333981355301
2.7859033903195862,16.845206543660517,-6.74007791062577,2,1.7764504250254005
1.7701048427674682,12.106163709122413,34.918714047571996,5,3.5720894723337184
0.8870253375705561,18.39481898576493,9.055207715666999,5,3.6600954665173626
1.206358711006008,4.401768294558575,-9.991918419730881,2,-0.3420002642152985
4.607787680327258,26.433929754505247,20.667748354233787,5,5.875333921536335
2.063337184057925,4.3130156160185305,-7.1888854883438125,1,0.004074340058975001
3.6426986104807546,40.217468883295716,6.5701734692539695,2,7.273508254633955
5.034172708548569,12.451892013611218,32.41858924734297,4,3.6021450015411283
6.903948286293653,27.460583815621018,-6.238622702688048,2,4.000733208229602
0.39312139841098936,44.12387529051146,40.36030954136014,3,11.60316681811324
7.994103989090426,32.892991083312516,-9.770804640485014,4,5.033625825756438
6.279003894909078,27.11493154101543,4.809432152114134,3,4.613131588636515
0.8175903194887191,16.892353902653404,34.454243369124285,4,4.942506987493455
8.735786241067773,17.3170937398517,8.976208983758408,5,3.1974966254076813
9.208724005318132,33.80486080471132,-3.886456716039188,2,6.2081723889908185
0.6107795985486375,49.71282869983721,11.614035128025673,1,9.699778793231669
2.7687764814720373,33.43012030261955,6.223597183071533,4,6.195609286400592
8.062012797930613,28.33138745113122,40.56271412963329,4,6.718035522145521
7.482596903836583,36.80187500172306,8.800875055108587,3,6.706000472281606
1.8452101935637732,23.79507500190219,37.33594830656043,5,5.929651914452089
2.093493233367103,3.9469747874384753,43.51232868864408,3,2.177813232747501
3.70472102791382,28.55254397801758,16.029045174591772,3,5.396020432621167
4.845229851910213,47.92363894076363,44.59658863126352,5,11.25994100462263
6.1825477153029595,9.589844175525322,12.63908323779157,1,1.1028653506606392
3.689136395697724,34.81023965021262,47.84470498940649,3,9.032233787811025
4.625347161331479,10.845750744293767,-4.642628528465624,3,1.7106999221654546
7.474709381337565,27.255556539180983,31.221155990194568,4,6.06000651224166
0.366832028905979,5.737146032689261,19.62884242741572,5,1.248784800351028
2.5243694434402073,23.068175876651072,13.258928327338822,2,4.565539995202092
7.133495858845524,38.05200311586706,27.962712724916052,1,8.741219305934997
8.952068376871994,18.031004687710123,32.23142549805987,1,5.061104044571605
5.116774421156661,33.58067449987368,-9.738203820981454,5,5.027853347307531
5.321134852653157,39.97704807869673,0.0171853248319227,4,7.899421296806705
1.0717201133977605,46.43171315449318,32.78276303805912,4,10.294704113833996
4.474123668234546,12.497462010917223,29.98312481469239,5,3.477553792687797
5.326172664550231,20.5664798746561,47.96285030772063,4,6.163794673142532
2.4247050363472966,8.468384653190455,35.66226741504698,1,2.3363115661823834
2.6924323094938094,49.63169160576039,47.046362463880286,1,11.927006760400245
3.7728416310462265,46.423047428290474,32.152430092088416,2,10.804212126147418
0.20071197777726368,27.45789938374742,7.88313251836659,5,6.116378641435432
3.220791655831783,42.25963142444464,-3.678104664948611,3,6.646063657508859
2.1144800699654462,26.526940886330067,36.90943180069613,3,6.336031132936606
3.2749735217791462,31.555698712135225,28.648953288554956,2,5.975972114450915
1.1976213181925122,5.367097173684814,-7.108839256402226,2,-0.46466255905481957
8.90527280739895,38.00825060434359,11.6030279540587,4,6.383052083006824
5.935924535540487,7.257960698126507,47.40798892905717,2,3.2471249033979035
6.791023191444896,41.47731388237389,20.024068742612073,2,8.606321031395469
7.891712386073383,39.31937629584891,15.963748161182277,3,7.745762113950515
4.984421989290572,35.728490189405846,17.461976309557638,4,7.023222798083902
0.8692028808742369,2.7718586457133436,2.532963440309823,2,0.03803571333499495
5.371065418185478,15.853289441321103,12.122430251887714,2,2.4710683651730583
5.868411180208791,13.892515925631301,12.188795359230596,4,2.248211895704127
7.4543947418433,18.646683966104437,-6.858698788751656,5,2.2851937528159505
4.316595462296794,5.294494591428089,36.054057711075096,4,2.159681338470048
1.2758030279556376,46.91093332852208,14.99026591423274,3,9.140546176649671
2.8377590579872445,28.13630979490644,39.3307932089854,5,6.901682610198722
3.630822963986351,15.970691222243154,41.02088006719372,1,4.606086617817684
6.459172413316012,20.452094336639888,2.7196432819194847,4,4.108049333853702
5.707783046689119,22.912924484736948,29.441208930207715,3,6.079885735905719
3.5609672589784624,30.429122334670247,18.3369082497789,5,6.5327383684071405
9.865152487929796,26.26829195712839,42.809404275289104,4,6.967923156471519
6.057748193568871,46.05020668750645,2.9444407505872476,2,8.65168655359611
2.372267917359945,25.351210662385682,30.66879201860265,4,5.166588884000318
1.0178247262040374,49.61574272634232,26.465127335163352,1,10.161556384041088
1.5285913918433203,42.71982292950969,7.718088654309966,4,8.147319907247105
2.459577283845081,11.217015203509455,-1.8039457809296433,5,1.397799338770603
1.6068137325955567,46.599165517551896,29.098385628636592,5,10.25428272063279
1.8656702405130576,6.701953496388328,34.31584748793984,4,2.3464427970674935
2.850951686938471,41.05503571606839,8.937640625800999,5,7.664725792541199
1.7337359529475482,19.650541380352426,28.689956241338827,2,4.4890931112139
8.967654246264251,44.020741701808404,13.707854456690196,4,8.570015864653676
0.8023374566164221,43.534777815265066,32.79241299695706,2,8.23695484944242
5.245113895702547,40.49034460576344,1.9529164936431869,2,6.6971802856796145
4.103968269896615,39.71149137904601,43.41290015817046,3,9.457400446624264
9.823786169086064,15.929277815804,7.244575787934785,4,3.4940300096345935
1.1203890216805235,4.965044869511357,12.067159265369174,5,-0.11723469166840239
3.9785559904574166,20.746028759492912,-6.514482875179013,2,2.5882857912628037
9.69470433275369,9.502701234338925,-3.3092672607234164,3,1.2508038008289941
8.655071258939802,35.05260335622062,20.951714162739687,4,7.897204111257693
8.1707207094928,17.95888660035149,6.055560603678288,4,3.0844985694662035
2.579028270449398,48.80489984213583,40.12881354453166,1,10.526029466443216
1.7088758739006582,32.40763178992127,-9.11839668070277,1,5.735461898894212
6.68643219924431,41.30154761808369,12.745642920316172,2,8.49563802263183
9.293759891275858,7.4937089643505725,10.240732806145559,1,1.5400876322154002
5.567628930139298,43.2387096313585,-8.840342144943937,2,7.171692817779131
5.7161268946989985,46.215102335156324,-2.5378960599693867,5,9.172972782874634
2.7997909366028417,24.86603402212786,14.818560495118117,2,3.941600462749623
7.694929331919369,30.706393949797896,19.571875066846797,1,6.785487589131425
1.8704374855752337,38.475680244246774,14.257384835292147,5,7.874739213893019
3.2367923640424365,9.567092735760214,21.856260704725628,1,2.170698678012232
4.254364386164168,25.62573774670868,25.70790049434089,2,5.137916245020043
5.07610378684455,20.53448836084334,-9.404570732329862,3,2.0296559614981
2.4240973241508024,8.172325615950207,17.845709567210232,4,1.9806026754464188
1.1483682473920354,19.00918669228504,47.8099544532553,1,5.568032335915472
6.1062004244163255,4.340443159889185,21.14193680777292,2,1.4765316647758657
2.8863055324025577,2.2647834405248624,30.65253604753719,5,1.7829727883941253
5.812382214226123,7.623148168586315,8.711831475012993,1,1.2443020549946417
1.5436271527420231,48.192640467869516,36.43948268916575,1,10.09860900993571
4.811401018548175,27.926947258855833,36.37528891256691,4,7.18789193365953
5.325894325515859,48.32528589650778,21.277762859248337,2,9.411134148526308
0.5182353682242691,22.19239603817647,48.560829396752816,3,6.720052795505502
3.366042781939206,16.278990521177718,-2.4669871142407978,5,2.590457814120417
1.3441467693897424,25.80095127917196,-8.98314010662514,2,3.8856786405703945
0.6337497047276774,22.536072743012596,36.20949270542576,5,6.250652493026358
9.899602323899453,6.177569528825452,38.42933224189295,1,2.7577148306268073
3.2235384497472297,32.400489419820104,-2.7875662527654255,4,6.126038910800819
8.09874445854635,11.58587094297038,5.934969977516364,4,1.60369376269206
2.5464065476376385,31.35980978999365,-8.946858198002266,3,5.505953823317893
6.8150272222392925,32.859853527509514,7.5985166468338825,4,5.944501732858374
7.6022785988968655,8.449217803303757,36.38851243512029,1,3.0032198832805954
5.956387406078443,4.00613172842274,21.077631662754737,3,0.44252633079115267
4.715761885501584,39.25731771735355,10.885735590097283,2,7.548910292006392
4.118409141472686,23.53022076469669,12.304357694379817,4,4.310816467905494
3.4886826654299528,3.8500259797683136,-9.918782457071911,3,0.009033899324079997
9.29529144247826,49.74844954131859,7.9880316539141525,1,10.006674878003933
8.306194077877292,3.8312474888219654,28.78752449827583,5,1.8051239795741507
9.650269106665126,35.05672621406911,48.45166662898143,5,9.016983146231835
1.2429722348554473,49.20026733790726,40.82364961903397,1,11.33332450977372
7.308674752036443,12.719825106580355,-8.584302121268252,1,1.7753073552272176
9.383404568210379,7.970219065672612,43.91363628049036,5,3.3083812144901215
1.8123306616566015,6.947862031699016,36.991904797917556,3,2.2893299837616907
0.664962673667775,15.860482230812181,36.82256741425883,5,4.836858560095622
7.4112064929005905,5.951244739521687,17.47974554021429,1,0.2348725393682164
5.744731131799119,34.915905743012466,13.88031757727017,4,7.532022797245416
8.41828776758272,4.052298108373072,8.174943729991558,2,0.06411333345333631
1.397723766262895,25.961684279339696,-6.0583084627380535,4,4.1693074995948125
7.952673118598902,49.83814583879586,3.6941218096219472,4,10.010360919799425
2.0162732004774453,40.88454320579492,4.796218098681477,1,7.308964787898213
1.636559428657045,31.145752473319533,19.044624182612097,5,7.005086143081913
1.6426579793099294,16.00642741854397,34.84666439580164,3,4.813073080536084
8.14574720231382,31.570895978290284,18.428589703876796,4,6.69062522587565
6.651972206962001,26.82503173167093,-6.529333033170364,5,4.694263772588024
5.230654247691193,21.878085810628203,47.46738805929223,3,5.989268628118394
3.5883048412350247,7.404808460269774,46.56345914564673,4,3.2669336478681523
8.772005408131083,44.44360654678287,37.1113725889045,3,9.486087548826784
3.924451074226354,23.039447792244804,49.479674093853234,5,6.435004219862585
8.16599439471577,10.536503079217487,22.668939968015778,2,1.7966448107530268
4.391349085702184,19.02020819298719,47.76610101519236,5,5.242963077093356
3.769444294249076,21.292357873917425,-5.463697562994954,1,2.0838121862976555
4.626797856696064,41.54935688277684,11.940844895682279,3,8.338877698091927
3.0137787416414206,36.9471046475087,3.5228760804059505,2,7.6113658162107445
7.476093801762511,38.69593978842565,1.7499850480562014,3,6.898634342517654
5.027203900924792,1.5405319570037135,-1.551823066439436,3,0.013082033364960777
2.322126951468173,21.391545910808315,27.3448184939598,4,5.608396514868111
8.995745732745684,24.585863430130857,36.87931134483831,1,5.2615696360939515
3.8389122137321143,1.9404215643297777,24.69790396522164,3,0.4310825522816267
5.435528611139886,13.730847228506677,-1.18223742470742,5,2.682456618642068
9.06472110964547,38.254201332984614,38.66742619600826,5,9.038040894901409
6.242379959139921,7.718375580720954,28.15728242982371,4,1.7061448045600802
1.1689804070836407,27.23019644117699,13.28994236761973,1,4.892106613152081
9.398321236134752,11.544891728844638,30.447817732163777,1,3.141199354783149
6.277080530714178,1.5939179575507705,5.594298754569971,5,-0.29846980781376425
3.3490561465708613,12.818871422377532,10.711532509652631,2,0.9120824772409415
1.3927207266338726,48.81781399059263,45.049150587919414,4,11.25501373891058
7.9402518927029595,40.27531848226649,7.430270340285222,4,7.706080616539962
6.200727559285135,48.01925557173064,18.199296089476196,5,10.0184291358921
5.334610919763215,24.90484815239176,43.40846824376088,5,7.280834729311161
8.938925830509577,6.377073735197672,32.463281016051646,2,2.1253401967916394
7.885972112245307,27.850014959710954,-6.267806430117835,2,4.578081347649153
1.5167487973275118,23.264489393438083,-1.161817343261779,1,4.222575498349237
3.1172206779554825,42.373497054241184,-9.52950455368499,4,7.403396191081868
2.4848913981446574,5.806046458427985,27.855307413749806,4,3.022235035018138
7.43946292572677,24.923815714067132,16.8604055246251,5,4.695929272055181
0.3353243473577938,8.352384570005228,-1.9435089458634671,1,0.2062276101539502
5.698896848713165,16.90912041761294,47.47604726340623,4,5.462605650828306
7.624586857406905,37.130496792002184,21.779583436737195,1,8.242235296706616
8.767656367617494,24.32488833906956,4.51359764677335,1,4.090260051718267
3.4208174871590744,19.418525972142696,20.036214269282453,5,3.880205322497959
8.212573046720129,20.32933764993173,30.777219964106465,1,5.585223320804345
1.1063173695520723,23.512891651893344,-5.425646921586131,2,3.2351115368972074
8.464522917345182,39.46581064801579,6.482228902873519,2,7.586800800313323
1.2748866233198242,44.71214975807148,38.41792945303962,3,10.82040232994017
3.9728729056036727,47.811399638692485,17.579892224159675,5,9.720471927235971
7.972953657795536,39.55826592650946,22.794628521937696,3,8.040320692770422
1.4991742734877378,16.454937891652623,15.968960132568156,2,3.0125917139441007
2.2925139523264146,34.71860059824056,-7.366003441419693,3,6.32619557586451
7.222525683930662,22.442553078714205,-0.05501321079064425,5,4.515833807804639
7.200365365460744,13.478860480256508,16.732498324513454,5,3.049259708158038
6.411476328852973,42.202707391870206,2.5511279244756686,1,8.609639001132692
6.939484444671001,2.882891099153925,-7.001258280419275,4,-0.35750141455511486
5.427244433475962,45.186337614635754,40.61897984310942,1,10.814383122166705
2.5179905890695276,23.612395766611975,48.87155174984695,5,6.450055938689274
3.4569599350391944,32.222872363605745,37.588572439804366,2,8.69088136156415
1.8159771680142567,33.30834218808335,41.22709530228002,2,8.708088910520528
9.084505613336283,44.86076929462028,4.518627819022722,1,8.234097932110934
5.833917947661204,32.19681442619316,47.63761853079198,5,9.038513916136733
4.008514167636399,31.082745653243027,1.8155422672057036,2,6.199316489594899
4.620058036441327,4.2659499874738085,47.08578862170994,5,3.483999966726583
9.472833396118153,26.401993075315,49.68915763795706,2,5.723863329100701
1.533514031160802,8.358281040035042,32.70336834476292,5,3.166500349890572
5.862298320167972,37.13425466735279,48.86862390750932,3,9.441431513498895
5.05888678884466,26.09887411982105,24.172386774026222,5,6.163930803137248
6.1145423543464785,34.33116118120931,5.5725069905654205,5,6.7540308024690825
0.18110183820840509,3.041972129516829,16.219753139937254,1,0.6432877226574918
8.721239089441514,5.154808786244358,25.613656122727157,3,2.25321471603427
9.321182824836123,36.09984601507143,-5.6151062783791,4,6.608950575942018
5.65133183589209,4.532132463934995,27.340595877034765,1,1.4819095085049185
6.966508238768922,4.491579660497671,48.870670205737675,4,3.311539949804228
9.224993811772958,1.593315286509485,1.4064589870236581,2,-0.2020009041409849
7.072386343133986,47.86856851667453,37.555706977303,4,11.108283265876747
1.5253904291426135,37.13790961349134,44.47392762677716,5,10.08479685844274
5.762883601668132,18.309319016601144,46.62209556921325,4,5.175728225506068
6.067150463828559,15.530243483095106,47.60813626432683,1,3.828600340634742
4.24130671302386,18.135458257546627,21.287578323288315,1,3.8276523231691404
7.3644423562472285,38.958023027877914,48.63847447949022,4,9.730800002028577
9.343670147690148,33.407159942450306,35.438612428066335,1,7.914127124621973
9.255685129067764,10.074582825505928,-0.2997138257822858,1,1.1535888311430522
4.508393714041321,9.531357431370132,18.6140063880782,4,2.614531427664216
1.1323804584075525,5.821386835956469,33.09987052232024,3,3.3715792334430903
9.848411989623346,33.35483326536557,4.8404189491450005,3,6.613744759968869
8.388980864459342,38.454260448865064,28.436911012933244,2,8.801355290945411
1.2466268120326685,13.987274987925197,29.99602874279715,1,3.33249073086368
9.208418826173723,2.0263030905147277,-0.23801537148604623,4,-0.899268695225008
8.698963620621283,5.02641170634494,23.905118747165375,1,0.15148248506238438
5.188380571260721,48.425141707406496,36.29761465871646,5,10.740568783349262
5.912754357449293,15.476794096393593,19.933739872156515,1,1.9018599849039848
3.9900270387013026,38.69193424406855,-9.273812993433555,1,6.631470711651669
0.5476163882203133,31.608514873858926,-9.45769185524247,3,4.957409889797234
3.3519724164590095,19.7150423429919,11.42176063820073,4,3.2574090672707956
8.028534485980114,11.0786758475822,45.57164410590692,1,3.659754434786099
0.04632023004602859,6.947934489810915,3.720606776216526,3,0.5063011399521078
3.334991716911442,31.135635433904465,28.06182133230123,2,7.0556062802213395
3.9816869359094333,38.95705525125161,3.3245522415992355,3,7.611451827241536
5.373956029379229,32.55130842351541,9.300199379572916,3,5.924354572187506
9.198556164127606,26.98480452920876,40.882525376089035,3,6.6224465841010405
3.4634599436596125,3.055609948150177,33.73168653619681,1,1.505154193358986
3.469532018962277,48.4559501021248,-4.276043361207362,1,7.87386674559338
7.3750124810974835,40.13699539107415,15.722121259186018,2,8.120908902612639
4.522179408898071,15.348279798347273,-8.249814181284131,5,1.4416559265655504
2.2460482293998196,49.01854613858368,18.85340879618054,5,10.5292381573022
4.524395161326934,30.49219789217978,29.746040702064086,5,6.868159782225062
1.4085702037979986,29.538710252155077,-2.889842584110907,2,4.244978554203353
1.763869865062233,37.65558579204707,7.333096334549939,5,7.1077851755665
4.983677727394797,40.77671961641674,13.870197530129417,5,8.080016509193099
4.189254495045479,33.16745175924363,45.17186147936299,3,8.72634386751035
9.148459010681,7.276691571943801,49.59530092537784,1,3.1217557103005498
3.623938991166331,17.57510779373042,-7.305322060263048,1,1.7716167269503655
5.805883502780435,46.476098375976434,35.660475409723524,3,11.202776589281708
6.322642879195303,12.006164980348744,12.303443984140593,3,2.6296503960320585
0.13094456588333636,19.236184168038154,13.547491173768801,3,3.65645020800624
6.635373720167106,22.171767264265604,35.25589840082136,1,4.520231280046677
1.7803596686975143,22.530844495028155,45.105585928724516,5,6.04915140570176
9.610703174694551,31.03403954223175,47.05571567015291,3,7.74933714962516
1.4866272775311296,47.21071604949067,24.627355162299246,2,10.058027133738223
4.146241237270237,12.793942879792743,11.427269558030169,3,2.733780308689885
0.8534966807864386,6.953567438744985,37.25294515152675,4,3.056651793030702
9.968742518459473,10.676054003136928,5.060082995738016,3,0.8824812349950126
5.021950103312426,44.459320110254204,23.844441730011063,1,9.288338519133015
5.953850173200438,32.6447298201051,11.51470769149239,3,6.324873435971533
0.6707647738842748,15.009432672718846,29.397864422472566,4,5.210768393752337
7.499604703991778,40.98140000946225,4.423934773610414,2,7.6498239601211555
2.0990559309558576,43.207129821808365,1.495576744089547,5,7.904878202335464
8.980542894407137,42.47920259582362,45.09434520052623,3,10.105742207549493
2.0513964048200717,46.02740014833817,-3.8917790230277856,4,8.40660693451086
1.9068772066366657,13.359809988494717,20.3574744640959,4,2.0953160673282305
0.3654966784809488,37.997054508567636,3.251166977780535,2,7.166121482311473
4.720669451099992,23.56643536643286,-7.664202200459953,1,3.2747979179242828
5.648411332626164,42.257929091613015,-7.838870902514417,3,7.346296665616625
0.6570863942835237,36.69604318091905,0.5133063263496407,4,6.328089685556012
7.755276166950106,39.04592487848651,42.006221270360015,2,8.562538924109186
4.532888347480276,33.151930046372506,6.948724638621599,5,6.917263408243404
5.243902693275801,9.694009704015636,47.02755023451774,4,4.244407780750427
4.407627469382281,27.706319025949977,24.897337579351614,2,6.195179986876194
4.00763060875326,49.2488172367009,16.196851386125964,1,8.85420721636666
5.596403313082179,46.932015258358824,24.805330080167273,1,9.96820123531079
1.552402459307125,3.115513054053572,21.001903113576066,4,0.17522949082117478
1.8192813049527112,9.07592597074242,35.52657522543951,4,2.6609261380063267
8.617856210135173,7.454709899273533,6.949763958371136,3,1.5712094021518845
9.461154621336327,36.57301558927948,11.183023496018144,2,7.402553533509049
3.7330931627975295,41.07148116299031,43.64565815199504,4,10.02506282246455
2.707446731435538,11.462056949222923,46.78739078902433,3,4.588232256255693
6.439995432390157,25.786781954639622,43.55349364918847,3,6.915038647091311
4.087341710980964,42.1944483725488,15.166879637438814,4,7.587724043861259
0.2538635566034486,36.90727569354628,36.8219301804129,1,8.13778622460172
1.5615259736619036,27.569623069100565,18.580143998065928,2,5.622127584857879
7.159722288473976,29.92703683247987,19.852391128766133,2,6.098656059549595
6.589239419101514,25.909666798897717,2.2808065434370377,1,4.087406099400201
0.2709599250348349,15.579874114622209,25.467818195510986,4,3.2742876659681937
2.219721619329494,28.68607765009179,1.1681538652008765,2,6.195995708008061
2.310747965880714,34.75537980045444,9.893881944031627,4,6.651397644689579
6.718927435987284,43.792822877179574,41.301812097196105,4,11.399456206982947
0.19710537754364155,32.17827634498316,2.424548552651313,3,5.2862374942511705
1.0410858198457384,38.29495531511474,-5.730502889594032,1,6.80099595292275
7.999160853731894,8.843510112774077,-5.859544443231021,4,0.990545508588199
1.7854466205433361,23.616316246569706,46.447071230186474,5,6.0846420472907345
6.527461078518747,1.4572493715275714,20.415226277710076,1,0.17843263328067618
2.381827810467265,13.087264361559528,14.564724309021098,2,2.538124053082476
0.9944139275934516,36.596624040537236,38.65271486047511,3,8.12990224254814
2.4317219099945406,49.59868761611881,40.14955567463096,2,10.999145009937598
7.2226693185565916,5.8597268797735795,9.931461986936277,2,-0.3139327373937777
8.556964681062858,20.673221477203125,31.617083448427714,1,5.17125646299638
8.302198645669916,40.20347746625882,36.2673689511132,2,9.667639777868821
3.9718352961845484,10.997746096816043,29.27904121195727,4,3.290683133710402
6.680851365706461,28.199162515812027,-0.9042955119940377,2,5.926746791531594
2.0498429541582097,36.92049350545407,42.552985011023424,3,9.152796065441931
2.9314773026101326,31.18328706274877,22.345673164160523,3,7.225345890146561
8.963358185211197,10.21321199615539,6.948345582200222,5,2.509241094596145
0.13001923510736035,18.413843865601233,15.513691126261634,3,2.3829466511405117
0.8550853085446808,39.405797439784465,-7.745734576065557,2,6.905709358528396
2.078862551460273,28.157099192468813,-2.3279919266549465,3,4.123552767002625
0.26532203873819715,1.2562510636027242,35.93280503095165,1,0.5574387384827246
1.8143543508979731,38.2885472413766,-9.999301914678032,3,5.954257716640461
5.830415609696922,2.7302563920717144,14.993949708937532,4,0.5393908638525312
4.214245505924979,37.54095535383038,21.350610865135305,1,8.000951594391688
8.926717110769749,10.921547448096634,-6.721934799941662,5,1.5652076621255955
8.17443561738441,47.94560052584963,48.38468977833997,4,11.402063902678126
3.4181735169787597,19.02909681380214,3.5675198749803165,2,3.545537077112425
2.594234334312925,17.019649200565876,8.251923178176853,2,3.4082691598180697
3.7969240816726693,8.295514466289788,8.236550735301641,2,1.4922425246397124
5.902949425148077,15.974606559020529,3.8249997270409946,4,1.9239189051187626
2.6806364082287626,43.95588732958183,-9.911570674821315,4,7.325932537496939
6.24148907849134,49.82038254373512,33.76068764527978,4,11.06527480798234
4.0941165219124045,19.047166994835568,48.01072998795712,1,5.676696339935513
5.520471808519803,22.981920916772587,3.457608997102703,1,3.204974804347659
4.361265291353167,36.381475971934115,29.782831508205348,2,7.95976417490945
2.9446575954191765,44.42359324278865,34.51377961752291,3,9.127595401239148
9.484533069621566,30.059172375152425,40.90552274543148,2,7.770069605161699
7.636057941597608,20.184759210713636,15.357751820816546,5,4.426013072365916
1.4011317576645255,21.218470201582562,8.175854338425754,1,3.0794187392598285
8.684679758979128,35.08528917834354,9.517708041381866,4,6.216578968835655
4.874311982495136,1.1576949166096555,32.75727998591077,1,1.1631189184095998
8.945522268940914,31.359877535532192,39.00676799033816,4,8.30971336390493
7.998552559473152,18.419157511626512,0.8968380653961603,5,2.6802804868704375
4.252135044692334,39.91566923257713,12.256460489465912,5,8.48925892529676
0.22469308320117398,5.556541351333475,44.116411804949,1,2.1460100015002306
2.686773593849461,29.821911080471136,38.40161118168435,4,7.6960598265248885
5.416342146608669,24.567671604420063,49.091504165748546,5,7.209704984354097
6.334782198261473,32.473950769356144,35.254895580924845,2,7.5351848536586905
2.578876854332023,4.1778261296654495,13.591712061675338,2,-0.20204482412343483
1.3935607407282413,29.41920558397843,25.438270039678265,4,6.896347443841657
8.34930236799299,28.512744810016663,29.66085525483922,1,6.5366013602437265
9.84402180703552,28.472344626392374,-5.2926510209725635,5,5.1350512508270985
5.256901823026858,30.570895663226285,22.669817546231904,1,6.445507041572341
1.716792858483035,34.146928924091746,32.559249708356575,2,7.217954826070124
2.7230732651936895,40.44446098435772,0.03927824006362357,5,8.13233749438428
0.18390676547466733,14.221215286282503,36.83790304553343,1,4.23520806994149
9.14298806560499,41.42742109882304,25.026366830846698,3,8.299091172884612
1.1775108289014113,25.41452843090923,47.13330714185568,4,7.496718548533506
5.765164755142536,4.775855677582227,-7.454662107586499,4,0.04827274745481422
2.74055220687206,3.8689955329549806,5.919568253328018,3,0.43434599582998334
5.541780025157934,17.37767761610698,26.09323275798944,2,3.8920194929115266
6.514203883518642,39.45995187846191,7.793594732355842,5,7.742673414017646
8.297418037072017,35.67636580230487,32.86544984427453,4,8.863995246829587
2.064212717606032,39.642133268947916,35.54031695131586,3,9.521979993654632
0.10995828658480478,26.34618376563886,-3.8490421560115333,3,4.8827081871469025
1.3688563006880727,22.569750899819038,20.831267852406064,2,4.8477957488568
9.00018641848105,8.225173808607913,20.533433335463354,2,2.3162922902619485
8.738900775625153,17.081444926856268,12.156846212932464,1,2.706974758997591
5.974131021703083,22.26694894251989,45.975491754180325,4,6.443885865462028
6.005168604336534,5.341421054301245,39.650379192393274,1,2.074059154495429
6.650366745462555,11.809985682849351,31.832562914578205,3,2.2237227885946194
1.753712786234496,30.313039409123203,32.859598144099856,5,6.412536959618652
9.144119459249598,37.0474925977203,17.702968628787147,5,7.463157560938807
4.187705248920731,49.91902805825453,45.25967126579455,2,11.65436616711499
3.8313852824949746,46.722553235834326,31.675725635197125,5,10.097257034759737
5.189177052828375,32.48569477722438,33.73886369934899,5,7.388523771719972
0.46965966775055046,21.64115461140953,41.70145422724072,5,6.294934094581364
1.662833687560794,32.172690870703406,6.444295360531459,3,5.77924688244241
7.380336164263705,39.496929285931365,38.42425423200218,5,9.986002189803589
0.8279866792512647,6.798473355245979,1.7144361773895227,5,1.5279783498287394
6.031521094663882,21.085339595118125,10.72051713469327,5,4.264034436043947
2.4534910968132095,42.15031199614524,10.136627256190561,1,8.413624487867741
3.8929561404197655,19.807814644719155,48.711528103348435,3,6.005759561289444
2.8869373677069987,29.02174129013214,41.39223342487561,2,6.951127291290508
3.5567271646494913,29.800698682247713,32.07019169541559,1,7.094466652706395
7.1904590518424545,10.039336403548328,33.623405696923406,4,3.5934885932510996
2.9712171562317504,18.74953664096213,23.724367664154265,3,3.759908096004939
5.664046402968972,17.391053148354676,46.825440026511146,3,5.196256950156863
4.760504021990997,2.283638718071175,19.77552517294169,4,0.9167559135494023
6.636711653626481,2.185396430676407,12.831062592193671,4,0.9034421494703173
9.36829739324758,41.7531551401129,-0.21787978410453945,4,7.517807863592687
7.325720972102503,14.380469688667809,37.17233913566348,2,3.635830728128522
2.149403785907568,26.385859545701955,34.06663592453549,5,6.5650035355227425
0.3118313506128467,15.637553105849879,13.061302311448092,3,3.671255348369167
2.622640442998251,47.09328301065168,-8.488395162446238,5,7.894548286303058
5.9507793070025485,13.705541184422913,40.339839663080646,5,3.7456971433700517
0.5142581348425035,22.053183824207817,-9.314920992755582,4,3.0846382612184904
4.963662472012364,43.76378227374549,32.221986777743055,2,9.392567257595474
5.968428489168892,42.254744772798624,48.21542658356342,1,9.07892888251914
3.3424389081696084,10.118969474467589,16.25967968889221,2,2.785875522795702
7.7091220374582194,40.32952217998981,4.098404299757165,5,7.705671355311265
1.065982531337718,23.45115745015674,32.2922606026029,2,5.364792258071507
0.7513778173580876,24.665474732182407,39.02768852093511,4,7.095798141500946
7.281887562036033,7.540518648381245,22.78581896467084,1,2.1062914254716976
4.954913162061985,4.949474174099108,48.02211651536877,4,2.523289721921586
6.88402396427736,36.669026041714496,-6.899876700522334,1,6.17111529597086
4.348273386037462,25.326596465409686,20.287735898271688,5,5.558837521807283
2.464020332391068,22.405684428143797,33.10723683935301,1,5.960674156061049
8.191023176741997,36.74590320396744,41.75842826895074,1,8.453389953399228
7.994158789689792,38.51013205056438,0.7553367144674024,1,6.118763474907141
6.946964708544268,8.786500215798323,38.000208905820884,2,1.9186984350480614
2.7214513722996267,30.901032324404422,23.162424543112714,2,7.275908365739865
5.902306668690871,7.632350031606591,13.793220919397793,5,1.321823703409893
3.6097389694002677,37.81737921542324,-2.0970982852543862,1,6.893726756638583
0.9158207332663415,33.19080265708983,41.917745534534745,3,8.06992952350223
9.173135754622429,47.87411643308944,-0.5636075092170785,5,8.838315517217906
1.368186309189614,4.378942801464638,8.587271552545953,1,0.27522842941866243
9.502373538208024,3.7956813364114614,7.4027319177462125,1,1.0209618039343695
4.460057729579558,14.827166659966807,42.28484205145126,2,3.5556437202443623
